preset,aspect,time,contentFraction
square.classic,9x16,24.0,0.5530
square.classic,16x9,24.0,0.6501
square.midi_playground,9x16,24.0,0.0362
square.midi_playground,16x9,24.0,0.0362
square.dark_minimal,9x16,24.0,0.3908
square.dark_minimal,16x9,24.0,0.3915
square.neon_trail,9x16,24.0,0.5133
square.neon_trail,16x9,24.0,0.4807
circle.classic,9x16,24.0,0.4334
circle.classic,16x9,24.0,0.4098
circle.growing_ball,9x16,24.0,0.4449
circle.growing_ball,16x9,24.0,0.4235
circle.shrinking_ring,9x16,24.0,0.4371
circle.shrinking_ring,16x9,24.0,0.4247
circle.grow_shrink,9x16,24.0,0.4303
circle.grow_shrink,16x9,24.0,0.4054
circle.escape_gap,9x16,24.0,0.4352
circle.escape_gap,16x9,24.0,0.4047
circle.rotating_gap,9x16,24.0,0.4291
circle.rotating_gap,16x9,24.0,0.4047
circle.multiplication,9x16,24.0,0.4406
circle.multiplication,16x9,24.0,0.4122
circle.gravity_chaos,9x16,24.0,0.4566
circle.gravity_chaos,16x9,24.0,0.4167
circle.melody_collision,9x16,24.0,0.4293
circle.melody_collision,16x9,24.0,0.4050
circle.collision_synth,9x16,24.0,0.4206
circle.collision_synth,16x9,24.0,0.3972
circle.orbit_force,9x16,24.0,0.4918
circle.orbit_force,16x9,24.0,0.4523
circle.ring_break,9x16,24.0,0.4390
circle.ring_break,16x9,24.0,0.4088
circle.chaos,9x16,24.0,0.4597
circle.chaos,16x9,24.0,0.4365
circle.sandbox,9x16,24.0,0.4252
circle.sandbox,16x9,24.0,0.4013
arch.bounce_curve,9x16,24.0,0.6733
arch.bounce_curve,16x9,24.0,0.6345
arch.pillar_weave,9x16,24.0,0.4639
arch.pillar_weave,16x9,24.0,0.7991
platform.music_ball,9x16,24.0,0.5121
platform.music_ball,16x9,24.0,0.5529
platform.piano_tiles,9x16,24.0,0.6648
platform.piano_tiles,16x9,24.0,0.6714
platform.staircase,9x16,24.0,0.6525
platform.staircase,16x9,24.0,0.7083
platform.minimal_bars,9x16,24.0,0.3697
platform.minimal_bars,16x9,24.0,0.3678
platform.neon,9x16,24.0,0.4733
platform.neon,16x9,24.0,0.6383
platform.block_terrain,9x16,24.0,0.5328
platform.block_terrain,16x9,24.0,0.6580
square.classic,9x16,50.0,0.5599
arch.bounce_curve,9x16,50.0,0.4910
platform.music_ball,9x16,50.0,0.6878
